"","id","sample_size","sex","category","subcategory","unit","group_name","build","author","year","population","trait","pmid","ontology","filename","nsnp","delimiter","header","mr","snp_col","chr_col","pos_col","ea_col","oa_col","eaf_col","beta_col","se_col","pval_col"
"1","met-d-Total_C",115078,"Males and females","Continuous","NA","SD","public","HG19/GRCh37","Borges CM",2020,"European","Total cholesterol",NA,NA,"Total_C_int.imputed.txt.gz",12321875,"tab",TRUE,1,0,1,2,4,5,6,10,11,15
"2","met-d-non_HDL_C",115078,"Males and females","Continuous","NA","SD","public","HG19/GRCh37","Borges CM",2020,"European","Total cholesterol minus HDL-C",NA,NA,"non_HDL_C_int.imputed.txt.gz",12321875,"tab",TRUE,1,0,1,2,4,5,6,10,11,15
"3","met-d-Remnant_C",115078,"Males and females","Continuous","NA","SD","public","HG19/GRCh37","Borges CM",2020,"European","Remnant cholesterol (non-HDL, non-LDL -cholesterol)",NA,NA,"Remnant_C_int.imputed.txt.gz",12321875,"tab",TRUE,1,0,1,2,4,5,6,10,11,15
"4","met-d-VLDL_C",115078,"Males and females","Continuous","NA","SD","public","HG19/GRCh37","Borges CM",2020,"European","VLDL cholesterol",NA,NA,"VLDL_C_int.imputed.txt.gz",12321875,"tab",TRUE,1,0,1,2,4,5,6,10,11,15
"5","met-d-Clinical_LDL_C",115078,"Males and females","Continuous","NA","SD","public","HG19/GRCh37","Borges CM",2020,"European","Clinical LDL cholesterol",NA,NA,"Clinical_LDL_C_int.imputed.txt.gz",12321875,"tab",TRUE,1,0,1,2,4,5,6,10,11,15
"6","met-d-LDL_C",115078,"Males and females","Continuous","NA","SD","public","HG19/GRCh37","Borges CM",2020,"European","LDL cholesterol",NA,NA,"LDL_C_int.imputed.txt.gz",12321875,"tab",TRUE,1,0,1,2,4,5,6,10,11,15
"7","met-d-HDL_C",115078,"Males and females","Continuous","NA","SD","public","HG19/GRCh37","Borges CM",2020,"European","HDL cholesterol",NA,NA,"HDL_C_int.imputed.txt.gz",12321875,"tab",TRUE,1,0,1,2,4,5,6,10,11,15
"8","met-d-Total_TG",115078,"Males and females","Continuous","NA","SD","public","HG19/GRCh37","Borges CM",2020,"European","Total triglycerides",NA,NA,"Total_TG_int.imputed.txt.gz",12321875,"tab",TRUE,1,0,1,2,4,5,6,10,11,15
"9","met-d-VLDL_TG",115078,"Males and females","Continuous","NA","SD","public","HG19/GRCh37","Borges CM",2020,"European","Triglycerides in VLDL",NA,NA,"VLDL_TG_int.imputed.txt.gz",12321875,"tab",TRUE,1,0,1,2,4,5,6,10,11,15
"10","met-d-LDL_TG",115078,"Males and females","Continuous","NA","SD","public","HG19/GRCh37","Borges CM",2020,"European","Triglycerides in LDL",NA,NA,"LDL_TG_int.imputed.txt.gz",12321875,"tab",TRUE,1,0,1,2,4,5,6,10,11,15
"11","met-d-HDL_TG",115078,"Males and females","Continuous","NA","SD","public","HG19/GRCh37","Borges CM",2020,"European","Triglycerides in HDL",NA,NA,"HDL_TG_int.imputed.txt.gz",12321875,"tab",TRUE,1,0,1,2,4,5,6,10,11,15
"12","met-d-Total_PL",115078,"Males and females","Continuous","NA","SD","public","HG19/GRCh37","Borges CM",2020,"European","Total phospholipids in lipoprotein particles",NA,NA,"Total_PL_int.imputed.txt.gz",12321875,"tab",TRUE,1,0,1,2,4,5,6,10,11,15
"13","met-d-VLDL_PL",115078,"Males and females","Continuous","NA","SD","public","HG19/GRCh37","Borges CM",2020,"European","Phospholipids in VLDL",NA,NA,"VLDL_PL_int.imputed.txt.gz",12321875,"tab",TRUE,1,0,1,2,4,5,6,10,11,15
"14","met-d-LDL_PL",115078,"Males and females","Continuous","NA","SD","public","HG19/GRCh37","Borges CM",2020,"European","Phospholipids in LDL",NA,NA,"LDL_PL_int.imputed.txt.gz",12321875,"tab",TRUE,1,0,1,2,4,5,6,10,11,15
"15","met-d-HDL_PL",115078,"Males and females","Continuous","NA","SD","public","HG19/GRCh37","Borges CM",2020,"European","Phospholipids in HDL",NA,NA,"HDL_PL_int.imputed.txt.gz",12321875,"tab",TRUE,1,0,1,2,4,5,6,10,11,15
"16","met-d-Total_CE",115078,"Males and females","Continuous","NA","SD","public","HG19/GRCh37","Borges CM",2020,"European","Total esterified cholesterol",NA,NA,"Total_CE_int.imputed.txt.gz",12321875,"tab",TRUE,1,0,1,2,4,5,6,10,11,15
"17","met-d-VLDL_CE",115078,"Males and females","Continuous","NA","SD","public","HG19/GRCh37","Borges CM",2020,"European","Cholesteryl esters in VLDL",NA,NA,"VLDL_CE_int.imputed.txt.gz",12321875,"tab",TRUE,1,0,1,2,4,5,6,10,11,15
"18","met-d-LDL_CE",115078,"Males and females","Continuous","NA","SD","public","HG19/GRCh37","Borges CM",2020,"European","Cholesteryl esters in LDL",NA,NA,"LDL_CE_int.imputed.txt.gz",12321875,"tab",TRUE,1,0,1,2,4,5,6,10,11,15
"19","met-d-HDL_CE",115078,"Males and females","Continuous","NA","SD","public","HG19/GRCh37","Borges CM",2020,"European","Cholesteryl esters in HDL",NA,NA,"HDL_CE_int.imputed.txt.gz",12321875,"tab",TRUE,1,0,1,2,4,5,6,10,11,15
"20","met-d-Total_FC",115078,"Males and females","Continuous","NA","SD","public","HG19/GRCh37","Borges CM",2020,"European","Total free cholesterol",NA,NA,"Total_FC_int.imputed.txt.gz",12321875,"tab",TRUE,1,0,1,2,4,5,6,10,11,15
"21","met-d-VLDL_FC",115078,"Males and females","Continuous","NA","SD","public","HG19/GRCh37","Borges CM",2020,"European","Free cholesterol in VLDL",NA,NA,"VLDL_FC_int.imputed.txt.gz",12321875,"tab",TRUE,1,0,1,2,4,5,6,10,11,15
"22","met-d-LDL_FC",115078,"Males and females","Continuous","NA","SD","public","HG19/GRCh37","Borges CM",2020,"European","Free cholesterol in LDL",NA,NA,"LDL_FC_int.imputed.txt.gz",12321875,"tab",TRUE,1,0,1,2,4,5,6,10,11,15
"23","met-d-HDL_FC",115078,"Males and females","Continuous","NA","SD","public","HG19/GRCh37","Borges CM",2020,"European","Free cholesterol in HDL",NA,NA,"HDL_FC_int.imputed.txt.gz",12321875,"tab",TRUE,1,0,1,2,4,5,6,10,11,15
"24","met-d-Total_L",115078,"Males and females","Continuous","NA","SD","public","HG19/GRCh37","Borges CM",2020,"European","Total lipids in lipoprotein particles",NA,NA,"Total_L_int.imputed.txt.gz",12321875,"tab",TRUE,1,0,1,2,4,5,6,10,11,15
"25","met-d-VLDL_L",115078,"Males and females","Continuous","NA","SD","public","HG19/GRCh37","Borges CM",2020,"European","Total lipids in VLDL",NA,NA,"VLDL_L_int.imputed.txt.gz",12321875,"tab",TRUE,1,0,1,2,4,5,6,10,11,15
"26","met-d-LDL_L",115078,"Males and females","Continuous","NA","SD","public","HG19/GRCh37","Borges CM",2020,"European","Total lipids in LDL",NA,NA,"LDL_L_int.imputed.txt.gz",12321875,"tab",TRUE,1,0,1,2,4,5,6,10,11,15
"27","met-d-HDL_L",115078,"Males and females","Continuous","NA","SD","public","HG19/GRCh37","Borges CM",2020,"European","Total lipids in HDL",NA,NA,"HDL_L_int.imputed.txt.gz",12321875,"tab",TRUE,1,0,1,2,4,5,6,10,11,15
"28","met-d-Total_P",115078,"Males and females","Continuous","NA","SD","public","HG19/GRCh37","Borges CM",2020,"European","Total concentration of lipoprotein particles",NA,NA,"Total_P_int.imputed.txt.gz",12321875,"tab",TRUE,1,0,1,2,4,5,6,10,11,15
"29","met-d-VLDL_P",115078,"Males and females","Continuous","NA","SD","public","HG19/GRCh37","Borges CM",2020,"European","Concentration of VLDL particles",NA,NA,"VLDL_P_int.imputed.txt.gz",12321875,"tab",TRUE,1,0,1,2,4,5,6,10,11,15
"30","met-d-LDL_P",115078,"Males and females","Continuous","NA","SD","public","HG19/GRCh37","Borges CM",2020,"European","Concentration of LDL particles",NA,NA,"LDL_P_int.imputed.txt.gz",12321875,"tab",TRUE,1,0,1,2,4,5,6,10,11,15
"31","met-d-HDL_P",115078,"Males and females","Continuous","NA","SD","public","HG19/GRCh37","Borges CM",2020,"European","Concentration of HDL particles",NA,NA,"HDL_P_int.imputed.txt.gz",12321875,"tab",TRUE,1,0,1,2,4,5,6,10,11,15
"32","met-d-VLDL_size",115078,"Males and females","Continuous","NA","SD","public","HG19/GRCh37","Borges CM",2020,"European","Average diameter for VLDL particles",NA,NA,"VLDL_size_int.imputed.txt.gz",12321875,"tab",TRUE,1,0,1,2,4,5,6,10,11,15
"33","met-d-LDL_size",115078,"Males and females","Continuous","NA","SD","public","HG19/GRCh37","Borges CM",2020,"European","Average diameter for LDL particles",NA,NA,"LDL_size_int.imputed.txt.gz",12321875,"tab",TRUE,1,0,1,2,4,5,6,10,11,15
"34","met-d-HDL_size",115078,"Males and females","Continuous","NA","SD","public","HG19/GRCh37","Borges CM",2020,"European","Average diameter for HDL particles",NA,NA,"HDL_size_int.imputed.txt.gz",12321875,"tab",TRUE,1,0,1,2,4,5,6,10,11,15
"35","met-d-Phosphoglyc",114999,"Males and females","Continuous","NA","SD","public","HG19/GRCh37","Borges CM",2020,"European","Phosphoglycerides",NA,NA,"Phosphoglyc_int.imputed.txt.gz",12321875,"tab",TRUE,1,0,1,2,4,5,6,10,11,15
"36","met-d-TG_by_PG",114999,"Males and females","Continuous","NA","SD","public","HG19/GRCh37","Borges CM",2020,"European","Ratio of triglycerides to phosphoglycerides",NA,NA,"TG_by_PG_int.imputed.txt.gz",12321875,"tab",TRUE,1,0,1,2,4,5,6,10,11,15
"37","met-d-Cholines",114999,"Males and females","Continuous","NA","SD","public","HG19/GRCh37","Borges CM",2020,"European","Total cholines",NA,NA,"Cholines_int.imputed.txt.gz",12321875,"tab",TRUE,1,0,1,2,4,5,6,10,11,15
"38","met-d-Phosphatidylc",114999,"Males and females","Continuous","NA","SD","public","HG19/GRCh37","Borges CM",2020,"European","Phosphatidylcholines",NA,NA,"Phosphatidylc_int.imputed.txt.gz",12321875,"tab",TRUE,1,0,1,2,4,5,6,10,11,15
"39","met-d-Sphingomyelins",114999,"Males and females","Continuous","NA","SD","public","HG19/GRCh37","Borges CM",2020,"European","Sphingomyelins",NA,NA,"Sphingomyelins_int.imputed.txt.gz",12321875,"tab",TRUE,1,0,1,2,4,5,6,10,11,15
"40","met-d-ApoB",115078,"Males and females","Continuous","NA","SD","public","HG19/GRCh37","Borges CM",2020,"European","Apolipoprotein B",NA,NA,"ApoB_int.imputed.txt.gz",12321875,"tab",TRUE,1,0,1,2,4,5,6,10,11,15
"41","met-d-ApoA1",115078,"Males and females","Continuous","NA","SD","public","HG19/GRCh37","Borges CM",2020,"European","Apolipoprotein A1",NA,NA,"ApoA1_int.imputed.txt.gz",12321875,"tab",TRUE,1,0,1,2,4,5,6,10,11,15
"42","met-d-ApoB_by_ApoA1",115078,"Males and females","Continuous","NA","SD","public","HG19/GRCh37","Borges CM",2020,"European","Ratio of apolipoprotein B to apolipoprotein A1",NA,NA,"ApoB_by_ApoA1_int.imputed.txt.gz",12321875,"tab",TRUE,1,0,1,2,4,5,6,10,11,15
"43","met-d-Total_FA",114999,"Males and females","Continuous","NA","SD","public","HG19/GRCh37","Borges CM",2020,"European","Total fatty acids",NA,NA,"Total_FA_int.imputed.txt.gz",12321875,"tab",TRUE,1,0,1,2,4,5,6,10,11,15
"44","met-d-Unsaturation",114999,"Males and females","Continuous","NA","SD","public","HG19/GRCh37","Borges CM",2020,"European","Degree of unsaturation",NA,NA,"Unsaturation_int.imputed.txt.gz",12321875,"tab",TRUE,1,0,1,2,4,5,6,10,11,15
"45","met-d-Omega_3",114999,"Males and females","Continuous","NA","SD","public","HG19/GRCh37","Borges CM",2020,"European","Omega-3 fatty acids",NA,NA,"Omega_3_int.imputed.txt.gz",12321875,"tab",TRUE,1,0,1,2,4,5,6,10,11,15
"46","met-d-Omega_6",114999,"Males and females","Continuous","NA","SD","public","HG19/GRCh37","Borges CM",2020,"European","Omega-6 fatty acids",NA,NA,"Omega_6_int.imputed.txt.gz",12321875,"tab",TRUE,1,0,1,2,4,5,6,10,11,15
"47","met-d-PUFA",114999,"Males and females","Continuous","NA","SD","public","HG19/GRCh37","Borges CM",2020,"European","Polyunsaturated fatty acids",NA,NA,"PUFA_int.imputed.txt.gz",12321875,"tab",TRUE,1,0,1,2,4,5,6,10,11,15
"48","met-d-MUFA",114999,"Males and females","Continuous","NA","SD","public","HG19/GRCh37","Borges CM",2020,"European","Monounsaturated fatty acids",NA,NA,"MUFA_int.imputed.txt.gz",12321875,"tab",TRUE,1,0,1,2,4,5,6,10,11,15
"49","met-d-SFA",114999,"Males and females","Continuous","NA","SD","public","HG19/GRCh37","Borges CM",2020,"European","Saturated fatty acids",NA,NA,"SFA_int.imputed.txt.gz",12321875,"tab",TRUE,1,0,1,2,4,5,6,10,11,15
"50","met-d-LA",114999,"Males and females","Continuous","NA","SD","public","HG19/GRCh37","Borges CM",2020,"European","Linoleic acid",NA,NA,"LA_int.imputed.txt.gz",12321875,"tab",TRUE,1,0,1,2,4,5,6,10,11,15
"51","met-d-DHA",114999,"Males and females","Continuous","NA","SD","public","HG19/GRCh37","Borges CM",2020,"European","Docosahexaenoic acid",NA,NA,"DHA_int.imputed.txt.gz",12321875,"tab",TRUE,1,0,1,2,4,5,6,10,11,15
"52","met-d-Omega_3_pct",114999,"Males and females","Continuous","NA","SD","public","HG19/GRCh37","Borges CM",2020,"European","Ratio of omega-3 fatty acids to total fatty acids",NA,NA,"Omega_3_pct_int.imputed.txt.gz",12321875,"tab",TRUE,1,0,1,2,4,5,6,10,11,15
"53","met-d-Omega_6_pct",114999,"Males and females","Continuous","NA","SD","public","HG19/GRCh37","Borges CM",2020,"European","Ratio of omega-6 fatty acids to total fatty acids",NA,NA,"Omega_6_pct_int.imputed.txt.gz",12321875,"tab",TRUE,1,0,1,2,4,5,6,10,11,15
"54","met-d-PUFA_pct",114999,"Males and females","Continuous","NA","SD","public","HG19/GRCh37","Borges CM",2020,"European","Ratio of polyunsaturated fatty acids to total fatty acids",NA,NA,"PUFA_pct_int.imputed.txt.gz",12321875,"tab",TRUE,1,0,1,2,4,5,6,10,11,15
"55","met-d-MUFA_pct",114999,"Males and females","Continuous","NA","SD","public","HG19/GRCh37","Borges CM",2020,"European","Ratio of monounsaturated fatty acids to total fatty acids",NA,NA,"MUFA_pct_int.imputed.txt.gz",12321875,"tab",TRUE,1,0,1,2,4,5,6,10,11,15
"56","met-d-SFA_pct",114999,"Males and females","Continuous","NA","SD","public","HG19/GRCh37","Borges CM",2020,"European","Ratio of saturated fatty acids to total fatty acids",NA,NA,"SFA_pct_int.imputed.txt.gz",12321875,"tab",TRUE,1,0,1,2,4,5,6,10,11,15
"57","met-d-LA_pct",114999,"Males and females","Continuous","NA","SD","public","HG19/GRCh37","Borges CM",2020,"European","Ratio of linoleic acid to total fatty acids",NA,NA,"LA_pct_int.imputed.txt.gz",12321875,"tab",TRUE,1,0,1,2,4,5,6,10,11,15
"58","met-d-DHA_pct",114999,"Males and females","Continuous","NA","SD","public","HG19/GRCh37","Borges CM",2020,"European","Ratio of docosahexaenoic acid to total fatty acids",NA,NA,"DHA_pct_int.imputed.txt.gz",12321875,"tab",TRUE,1,0,1,2,4,5,6,10,11,15
"59","met-d-PUFA_by_MUFA",114999,"Males and females","Continuous","NA","SD","public","HG19/GRCh37","Borges CM",2020,"European","Ratio of polyunsaturated fatty acids to monounsaturated fatty acids",NA,NA,"PUFA_by_MUFA_int.imputed.txt.gz",12321875,"tab",TRUE,1,0,1,2,4,5,6,10,11,15
"60","met-d-Omega_6_by_Omega_3",114999,"Males and females","Continuous","NA","SD","public","HG19/GRCh37","Borges CM",2020,"European","Ratio of omega-6 fatty acids to omega-3 fatty acids",NA,NA,"Omega_6_by_Omega_3_int.imputed.txt.gz",12321875,"tab",TRUE,1,0,1,2,4,5,6,10,11,15
"61","met-d-Ala",115074,"Males and females","Continuous","NA","SD","public","HG19/GRCh37","Borges CM",2020,"European","Alanine",NA,NA,"Ala_int.imputed.txt.gz",12321875,"tab",TRUE,1,0,1,2,4,5,6,10,11,15
"62","met-d-Gln",114750,"Males and females","Continuous","NA","SD","public","HG19/GRCh37","Borges CM",2020,"European","Glutamine",NA,NA,"Gln_int.imputed.txt.gz",12321875,"tab",TRUE,1,0,1,2,4,5,6,10,11,15
"63","met-d-Gly",114972,"Males and females","Continuous","NA","SD","public","HG19/GRCh37","Borges CM",2020,"European","Glycine",NA,NA,"Gly_int.imputed.txt.gz",12321875,"tab",TRUE,1,0,1,2,4,5,6,10,11,15
"64","met-d-His",114895,"Males and females","Continuous","NA","SD","public","HG19/GRCh37","Borges CM",2020,"European","Histidine",NA,NA,"His_int.imputed.txt.gz",12321875,"tab",TRUE,1,0,1,2,4,5,6,10,11,15
"65","met-d-Total_BCAA",115047,"Males and females","Continuous","NA","SD","public","HG19/GRCh37","Borges CM",2020,"European","Total concentration of branched-chain amino acids (leucine + isoleucine + valine)",NA,NA,"Total_BCAA_int.imputed.txt.gz",12321875,"tab",TRUE,1,0,1,2,4,5,6,10,11,15
"66","met-d-Ile",115075,"Males and females","Continuous","NA","SD","public","HG19/GRCh37","Borges CM",2020,"European","Isoleucine",NA,NA,"Ile_int.imputed.txt.gz",12321875,"tab",TRUE,1,0,1,2,4,5,6,10,11,15
"67","met-d-Leu",115074,"Males and females","Continuous","NA","SD","public","HG19/GRCh37","Borges CM",2020,"European","Leucine",NA,NA,"Leu_int.imputed.txt.gz",12321875,"tab",TRUE,1,0,1,2,4,5,6,10,11,15
"68","met-d-Val",115048,"Males and females","Continuous","NA","SD","public","HG19/GRCh37","Borges CM",2020,"European","Valine",NA,NA,"Val_int.imputed.txt.gz",12321875,"tab",TRUE,1,0,1,2,4,5,6,10,11,15
"69","met-d-Phe",115025,"Males and females","Continuous","NA","SD","public","HG19/GRCh37","Borges CM",2020,"European","Phenylalanine",NA,NA,"Phe_int.imputed.txt.gz",12321875,"tab",TRUE,1,0,1,2,4,5,6,10,11,15
"70","met-d-Tyr",114911,"Males and females","Continuous","NA","SD","public","HG19/GRCh37","Borges CM",2020,"European","Tyrosine",NA,NA,"Tyr_int.imputed.txt.gz",12321875,"tab",TRUE,1,0,1,2,4,5,6,10,11,15
"71","met-d-Glucose",114867,"Males and females","Continuous","NA","SD","public","HG19/GRCh37","Borges CM",2020,"European","Glucose",NA,NA,"Glucose_int.imputed.txt.gz",12321875,"tab",TRUE,1,0,1,2,4,5,6,10,11,15
"72","met-d-Lactate",114802,"Males and females","Continuous","NA","SD","public","HG19/GRCh37","Borges CM",2020,"European","Lactate",NA,NA,"Lactate_int.imputed.txt.gz",12321875,"tab",TRUE,1,0,1,2,4,5,6,10,11,15
"73","met-d-Pyruvate",114748,"Males and females","Continuous","NA","SD","public","HG19/GRCh37","Borges CM",2020,"European","Pyruvate",NA,NA,"Pyruvate_int.imputed.txt.gz",12321875,"tab",TRUE,1,0,1,2,4,5,6,10,11,15
"74","met-d-Citrate",115064,"Males and females","Continuous","NA","SD","public","HG19/GRCh37","Borges CM",2020,"European","Citrate",NA,NA,"Citrate_int.imputed.txt.gz",12321875,"tab",TRUE,1,0,1,2,4,5,6,10,11,15
"75","met-d-bOHbutyrate",113595,"Males and females","Continuous","NA","SD","public","HG19/GRCh37","Borges CM",2020,"European","3-Hydroxybutyrate",NA,NA,"bOHbutyrate_int.imputed.txt.gz",12321875,"tab",TRUE,1,0,1,2,4,5,6,10,11,15
"76","met-d-Acetate",115046,"Males and females","Continuous","NA","SD","public","HG19/GRCh37","Borges CM",2020,"European","Acetate",NA,NA,"Acetate_int.imputed.txt.gz",12321875,"tab",TRUE,1,0,1,2,4,5,6,10,11,15
"77","met-d-Acetoacetate",115075,"Males and females","Continuous","NA","SD","public","HG19/GRCh37","Borges CM",2020,"European","Acetoacetate",NA,NA,"Acetoacetate_int.imputed.txt.gz",12321875,"tab",TRUE,1,0,1,2,4,5,6,10,11,15
"78","met-d-Acetone",115075,"Males and females","Continuous","NA","SD","public","HG19/GRCh37","Borges CM",2020,"European","Acetone",NA,NA,"Acetone_int.imputed.txt.gz",12321875,"tab",TRUE,1,0,1,2,4,5,6,10,11,15
"79","met-d-Creatinine",110058,"Males and females","Continuous","NA","SD","public","HG19/GRCh37","Borges CM",2020,"European","Creatinine",NA,NA,"Creatinine_int.imputed.txt.gz",12321875,"tab",TRUE,1,0,1,2,4,5,6,10,11,15
"80","met-d-Albumin",115060,"Males and females","Continuous","NA","SD","public","HG19/GRCh37","Borges CM",2020,"European","Albumin",NA,NA,"Albumin_int.imputed.txt.gz",12321875,"tab",TRUE,1,0,1,2,4,5,6,10,11,15
"81","met-d-GlycA",115078,"Males and females","Continuous","NA","SD","public","HG19/GRCh37","Borges CM",2020,"European","Glycoprotein acetyls",NA,NA,"GlycA_int.imputed.txt.gz",12321875,"tab",TRUE,1,0,1,2,4,5,6,10,11,15
"82","met-d-XXL_VLDL_P",115078,"Males and females","Continuous","NA","SD","public","HG19/GRCh37","Borges CM",2020,"European","Concentration of chylomicrons and extremely large VLDL particles",NA,NA,"XXL_VLDL_P_int.imputed.txt.gz",12321875,"tab",TRUE,1,0,1,2,4,5,6,10,11,15
"83","met-d-XXL_VLDL_L",115078,"Males and females","Continuous","NA","SD","public","HG19/GRCh37","Borges CM",2020,"European","Total lipids in chylomicrons and extremely large VLDL",NA,NA,"XXL_VLDL_L_int.imputed.txt.gz",12321875,"tab",TRUE,1,0,1,2,4,5,6,10,11,15
"84","met-d-XXL_VLDL_PL",115078,"Males and females","Continuous","NA","SD","public","HG19/GRCh37","Borges CM",2020,"European","Phospholipids in chylomicrons and extremely large VLDL",NA,NA,"XXL_VLDL_PL_int.imputed.txt.gz",12321875,"tab",TRUE,1,0,1,2,4,5,6,10,11,15
"85","met-d-XXL_VLDL_C",115078,"Males and females","Continuous","NA","SD","public","HG19/GRCh37","Borges CM",2020,"European","Cholesterol in chylomicrons and extremely large VLDL",NA,NA,"XXL_VLDL_C_int.imputed.txt.gz",12321875,"tab",TRUE,1,0,1,2,4,5,6,10,11,15
"86","met-d-XXL_VLDL_CE",115078,"Males and females","Continuous","NA","SD","public","HG19/GRCh37","Borges CM",2020,"European","Cholesteryl esters in chylomicrons and extremely large VLDL",NA,NA,"XXL_VLDL_CE_int.imputed.txt.gz",12321875,"tab",TRUE,1,0,1,2,4,5,6,10,11,15
"87","met-d-XXL_VLDL_FC",115078,"Males and females","Continuous","NA","SD","public","HG19/GRCh37","Borges CM",2020,"European","Free cholesterol in chylomicrons and extremely large VLDL",NA,NA,"XXL_VLDL_FC_int.imputed.txt.gz",12321875,"tab",TRUE,1,0,1,2,4,5,6,10,11,15
"88","met-d-XXL_VLDL_TG",115078,"Males and females","Continuous","NA","SD","public","HG19/GRCh37","Borges CM",2020,"European","Triglycerides in chylomicrons and extremely large VLDL",NA,NA,"XXL_VLDL_TG_int.imputed.txt.gz",12321875,"tab",TRUE,1,0,1,2,4,5,6,10,11,15
"89","met-d-XL_VLDL_P",115078,"Males and females","Continuous","NA","SD","public","HG19/GRCh37","Borges CM",2020,"European","Concentration of very large VLDL particles",NA,NA,"XL_VLDL_P_int.imputed.txt.gz",12321875,"tab",TRUE,1,0,1,2,4,5,6,10,11,15
"90","met-d-XL_VLDL_L",115078,"Males and females","Continuous","NA","SD","public","HG19/GRCh37","Borges CM",2020,"European","Total lipids in very large VLDL",NA,NA,"XL_VLDL_L_int.imputed.txt.gz",12321875,"tab",TRUE,1,0,1,2,4,5,6,10,11,15
"91","met-d-XL_VLDL_PL",115078,"Males and females","Continuous","NA","SD","public","HG19/GRCh37","Borges CM",2020,"European","Phospholipids in very large VLDL",NA,NA,"XL_VLDL_PL_int.imputed.txt.gz",12321875,"tab",TRUE,1,0,1,2,4,5,6,10,11,15
"92","met-d-XL_VLDL_C",115078,"Males and females","Continuous","NA","SD","public","HG19/GRCh37","Borges CM",2020,"European","Cholesterol in very large VLDL",NA,NA,"XL_VLDL_C_int.imputed.txt.gz",12321875,"tab",TRUE,1,0,1,2,4,5,6,10,11,15
"93","met-d-XL_VLDL_CE",115078,"Males and females","Continuous","NA","SD","public","HG19/GRCh37","Borges CM",2020,"European","Cholesteryl esters in very large VLDL",NA,NA,"XL_VLDL_CE_int.imputed.txt.gz",12321875,"tab",TRUE,1,0,1,2,4,5,6,10,11,15
"94","met-d-XL_VLDL_FC",115078,"Males and females","Continuous","NA","SD","public","HG19/GRCh37","Borges CM",2020,"European","Free cholesterol in very large VLDL",NA,NA,"XL_VLDL_FC_int.imputed.txt.gz",12321875,"tab",TRUE,1,0,1,2,4,5,6,10,11,15
"95","met-d-XL_VLDL_TG",115078,"Males and females","Continuous","NA","SD","public","HG19/GRCh37","Borges CM",2020,"European","Triglycerides in very large VLDL",NA,NA,"XL_VLDL_TG_int.imputed.txt.gz",12321875,"tab",TRUE,1,0,1,2,4,5,6,10,11,15
"96","met-d-L_VLDL_P",115078,"Males and females","Continuous","NA","SD","public","HG19/GRCh37","Borges CM",2020,"European","Concentration of large VLDL particles",NA,NA,"L_VLDL_P_int.imputed.txt.gz",12321875,"tab",TRUE,1,0,1,2,4,5,6,10,11,15
"97","met-d-L_VLDL_L",115078,"Males and females","Continuous","NA","SD","public","HG19/GRCh37","Borges CM",2020,"European","Total lipids in large VLDL",NA,NA,"L_VLDL_L_int.imputed.txt.gz",12321875,"tab",TRUE,1,0,1,2,4,5,6,10,11,15
"98","met-d-L_VLDL_PL",115078,"Males and females","Continuous","NA","SD","public","HG19/GRCh37","Borges CM",2020,"European","Phospholipids in large VLDL",NA,NA,"L_VLDL_PL_int.imputed.txt.gz",12321875,"tab",TRUE,1,0,1,2,4,5,6,10,11,15
"99","met-d-L_VLDL_C",115078,"Males and females","Continuous","NA","SD","public","HG19/GRCh37","Borges CM",2020,"European","Cholesterol in large VLDL",NA,NA,"L_VLDL_C_int.imputed.txt.gz",12321875,"tab",TRUE,1,0,1,2,4,5,6,10,11,15
"100","met-d-L_VLDL_CE",115078,"Males and females","Continuous","NA","SD","public","HG19/GRCh37","Borges CM",2020,"European","Cholesteryl esters in large VLDL",NA,NA,"L_VLDL_CE_int.imputed.txt.gz",12321875,"tab",TRUE,1,0,1,2,4,5,6,10,11,15
"101","met-d-L_VLDL_FC",115078,"Males and females","Continuous","NA","SD","public","HG19/GRCh37","Borges CM",2020,"European","Free cholesterol in large VLDL",NA,NA,"L_VLDL_FC_int.imputed.txt.gz",12321875,"tab",TRUE,1,0,1,2,4,5,6,10,11,15
"102","met-d-L_VLDL_TG",115078,"Males and females","Continuous","NA","SD","public","HG19/GRCh37","Borges CM",2020,"European","Triglycerides in large VLDL",NA,NA,"L_VLDL_TG_int.imputed.txt.gz",12321875,"tab",TRUE,1,0,1,2,4,5,6,10,11,15
"103","met-d-M_VLDL_P",115078,"Males and females","Continuous","NA","SD","public","HG19/GRCh37","Borges CM",2020,"European","Concentration of medium VLDL particles",NA,NA,"M_VLDL_P_int.imputed.txt.gz",12321875,"tab",TRUE,1,0,1,2,4,5,6,10,11,15
"104","met-d-M_VLDL_L",115078,"Males and females","Continuous","NA","SD","public","HG19/GRCh37","Borges CM",2020,"European","Total lipids in medium VLDL",NA,NA,"M_VLDL_L_int.imputed.txt.gz",12321875,"tab",TRUE,1,0,1,2,4,5,6,10,11,15
"105","met-d-M_VLDL_PL",115078,"Males and females","Continuous","NA","SD","public","HG19/GRCh37","Borges CM",2020,"European","Phospholipids in medium VLDL",NA,NA,"M_VLDL_PL_int.imputed.txt.gz",12321875,"tab",TRUE,1,0,1,2,4,5,6,10,11,15
"106","met-d-M_VLDL_C",115078,"Males and females","Continuous","NA","SD","public","HG19/GRCh37","Borges CM",2020,"European","Cholesterol in medium VLDL",NA,NA,"M_VLDL_C_int.imputed.txt.gz",12321875,"tab",TRUE,1,0,1,2,4,5,6,10,11,15
"107","met-d-M_VLDL_CE",115078,"Males and females","Continuous","NA","SD","public","HG19/GRCh37","Borges CM",2020,"European","Cholesteryl esters in medium VLDL",NA,NA,"M_VLDL_CE_int.imputed.txt.gz",12321875,"tab",TRUE,1,0,1,2,4,5,6,10,11,15
"108","met-d-M_VLDL_FC",115078,"Males and females","Continuous","NA","SD","public","HG19/GRCh37","Borges CM",2020,"European","Free cholesterol in medium VLDL",NA,NA,"M_VLDL_FC_int.imputed.txt.gz",12321875,"tab",TRUE,1,0,1,2,4,5,6,10,11,15
"109","met-d-M_VLDL_TG",115078,"Males and females","Continuous","NA","SD","public","HG19/GRCh37","Borges CM",2020,"European","Triglycerides in medium VLDL",NA,NA,"M_VLDL_TG_int.imputed.txt.gz",12321875,"tab",TRUE,1,0,1,2,4,5,6,10,11,15
"110","met-d-S_VLDL_P",115078,"Males and females","Continuous","NA","SD","public","HG19/GRCh37","Borges CM",2020,"European","Concentration of small VLDL particles",NA,NA,"S_VLDL_P_int.imputed.txt.gz",12321875,"tab",TRUE,1,0,1,2,4,5,6,10,11,15
"111","met-d-S_VLDL_L",115078,"Males and females","Continuous","NA","SD","public","HG19/GRCh37","Borges CM",2020,"European","Total lipids in small VLDL",NA,NA,"S_VLDL_L_int.imputed.txt.gz",12321875,"tab",TRUE,1,0,1,2,4,5,6,10,11,15
"112","met-d-S_VLDL_PL",115078,"Males and females","Continuous","NA","SD","public","HG19/GRCh37","Borges CM",2020,"European","Phospholipids in small VLDL",NA,NA,"S_VLDL_PL_int.imputed.txt.gz",12321875,"tab",TRUE,1,0,1,2,4,5,6,10,11,15
"113","met-d-S_VLDL_C",115078,"Males and females","Continuous","NA","SD","public","HG19/GRCh37","Borges CM",2020,"European","Cholesterol in small VLDL",NA,NA,"S_VLDL_C_int.imputed.txt.gz",12321875,"tab",TRUE,1,0,1,2,4,5,6,10,11,15
"114","met-d-S_VLDL_CE",115078,"Males and females","Continuous","NA","SD","public","HG19/GRCh37","Borges CM",2020,"European","Cholesteryl esters in small VLDL",NA,NA,"S_VLDL_CE_int.imputed.txt.gz",12321875,"tab",TRUE,1,0,1,2,4,5,6,10,11,15
"115","met-d-S_VLDL_FC",115078,"Males and females","Continuous","NA","SD","public","HG19/GRCh37","Borges CM",2020,"European","Free cholesterol in small VLDL",NA,NA,"S_VLDL_FC_int.imputed.txt.gz",12321875,"tab",TRUE,1,0,1,2,4,5,6,10,11,15
"116","met-d-S_VLDL_TG",115078,"Males and females","Continuous","NA","SD","public","HG19/GRCh37","Borges CM",2020,"European","Triglycerides in small VLDL",NA,NA,"S_VLDL_TG_int.imputed.txt.gz",12321875,"tab",TRUE,1,0,1,2,4,5,6,10,11,15
"117","met-d-XS_VLDL_P",115078,"Males and females","Continuous","NA","SD","public","HG19/GRCh37","Borges CM",2020,"European","Concentration of very small VLDL particles",NA,NA,"XS_VLDL_P_int.imputed.txt.gz",12321875,"tab",TRUE,1,0,1,2,4,5,6,10,11,15
"118","met-d-XS_VLDL_L",115078,"Males and females","Continuous","NA","SD","public","HG19/GRCh37","Borges CM",2020,"European","Total lipids in very small VLDL",NA,NA,"XS_VLDL_L_int.imputed.txt.gz",12321875,"tab",TRUE,1,0,1,2,4,5,6,10,11,15
"119","met-d-XS_VLDL_PL",115078,"Males and females","Continuous","NA","SD","public","HG19/GRCh37","Borges CM",2020,"European","Phospholipids in very small VLDL",NA,NA,"XS_VLDL_PL_int.imputed.txt.gz",12321875,"tab",TRUE,1,0,1,2,4,5,6,10,11,15
"120","met-d-XS_VLDL_C",115078,"Males and females","Continuous","NA","SD","public","HG19/GRCh37","Borges CM",2020,"European","Cholesterol in very small VLDL",NA,NA,"XS_VLDL_C_int.imputed.txt.gz",12321875,"tab",TRUE,1,0,1,2,4,5,6,10,11,15
"121","met-d-XS_VLDL_CE",115078,"Males and females","Continuous","NA","SD","public","HG19/GRCh37","Borges CM",2020,"European","Cholesteryl esters in very small VLDL",NA,NA,"XS_VLDL_CE_int.imputed.txt.gz",12321875,"tab",TRUE,1,0,1,2,4,5,6,10,11,15
"122","met-d-XS_VLDL_FC",115078,"Males and females","Continuous","NA","SD","public","HG19/GRCh37","Borges CM",2020,"European","Free cholesterol in very small VLDL",NA,NA,"XS_VLDL_FC_int.imputed.txt.gz",12321875,"tab",TRUE,1,0,1,2,4,5,6,10,11,15
"123","met-d-XS_VLDL_TG",115078,"Males and females","Continuous","NA","SD","public","HG19/GRCh37","Borges CM",2020,"European","Triglycerides in very small VLDL",NA,NA,"XS_VLDL_TG_int.imputed.txt.gz",12321875,"tab",TRUE,1,0,1,2,4,5,6,10,11,15
"124","met-d-IDL_P",115078,"Males and females","Continuous","NA","SD","public","HG19/GRCh37","Borges CM",2020,"European","Concentration of IDL particles",NA,NA,"IDL_P_int.imputed.txt.gz",12321875,"tab",TRUE,1,0,1,2,4,5,6,10,11,15
"125","met-d-IDL_L",115078,"Males and females","Continuous","NA","SD","public","HG19/GRCh37","Borges CM",2020,"European","Total lipids in IDL",NA,NA,"IDL_L_int.imputed.txt.gz",12321875,"tab",TRUE,1,0,1,2,4,5,6,10,11,15
"126","met-d-IDL_PL",115078,"Males and females","Continuous","NA","SD","public","HG19/GRCh37","Borges CM",2020,"European","Phospholipids in IDL",NA,NA,"IDL_PL_int.imputed.txt.gz",12321875,"tab",TRUE,1,0,1,2,4,5,6,10,11,15
"127","met-d-IDL_C",115078,"Males and females","Continuous","NA","SD","public","HG19/GRCh37","Borges CM",2020,"European","Cholesterol in IDL",NA,NA,"IDL_C_int.imputed.txt.gz",12321875,"tab",TRUE,1,0,1,2,4,5,6,10,11,15
"128","met-d-IDL_CE",115078,"Males and females","Continuous","NA","SD","public","HG19/GRCh37","Borges CM",2020,"European","Cholesteryl esters in IDL",NA,NA,"IDL_CE_int.imputed.txt.gz",12321875,"tab",TRUE,1,0,1,2,4,5,6,10,11,15
"129","met-d-IDL_FC",115078,"Males and females","Continuous","NA","SD","public","HG19/GRCh37","Borges CM",2020,"European","Free cholesterol in IDL",NA,NA,"IDL_FC_int.imputed.txt.gz",12321875,"tab",TRUE,1,0,1,2,4,5,6,10,11,15
"130","met-d-IDL_TG",115078,"Males and females","Continuous","NA","SD","public","HG19/GRCh37","Borges CM",2020,"European","Triglycerides in IDL",NA,NA,"IDL_TG_int.imputed.txt.gz",12321875,"tab",TRUE,1,0,1,2,4,5,6,10,11,15
"131","met-d-L_LDL_P",115078,"Males and females","Continuous","NA","SD","public","HG19/GRCh37","Borges CM",2020,"European","Concentration of large LDL particles",NA,NA,"L_LDL_P_int.imputed.txt.gz",12321875,"tab",TRUE,1,0,1,2,4,5,6,10,11,15
"132","met-d-L_LDL_L",115078,"Males and females","Continuous","NA","SD","public","HG19/GRCh37","Borges CM",2020,"European","Total lipids in large LDL",NA,NA,"L_LDL_L_int.imputed.txt.gz",12321875,"tab",TRUE,1,0,1,2,4,5,6,10,11,15
"133","met-d-L_LDL_PL",115078,"Males and females","Continuous","NA","SD","public","HG19/GRCh37","Borges CM",2020,"European","Phospholipids in large LDL",NA,NA,"L_LDL_PL_int.imputed.txt.gz",12321875,"tab",TRUE,1,0,1,2,4,5,6,10,11,15
"134","met-d-L_LDL_C",115078,"Males and females","Continuous","NA","SD","public","HG19/GRCh37","Borges CM",2020,"European","Cholesterol in large LDL",NA,NA,"L_LDL_C_int.imputed.txt.gz",12321875,"tab",TRUE,1,0,1,2,4,5,6,10,11,15
"135","met-d-L_LDL_CE",115078,"Males and females","Continuous","NA","SD","public","HG19/GRCh37","Borges CM",2020,"European","Cholesteryl esters in large LDL",NA,NA,"L_LDL_CE_int.imputed.txt.gz",12321875,"tab",TRUE,1,0,1,2,4,5,6,10,11,15
"136","met-d-L_LDL_FC",115078,"Males and females","Continuous","NA","SD","public","HG19/GRCh37","Borges CM",2020,"European","Free cholesterol in large LDL",NA,NA,"L_LDL_FC_int.imputed.txt.gz",12321875,"tab",TRUE,1,0,1,2,4,5,6,10,11,15
"137","met-d-L_LDL_TG",115078,"Males and females","Continuous","NA","SD","public","HG19/GRCh37","Borges CM",2020,"European","Triglycerides in large LDL",NA,NA,"L_LDL_TG_int.imputed.txt.gz",12321875,"tab",TRUE,1,0,1,2,4,5,6,10,11,15
"138","met-d-M_LDL_P",115078,"Males and females","Continuous","NA","SD","public","HG19/GRCh37","Borges CM",2020,"European","Concentration of medium LDL particles",NA,NA,"M_LDL_P_int.imputed.txt.gz",12321875,"tab",TRUE,1,0,1,2,4,5,6,10,11,15
"139","met-d-M_LDL_L",115078,"Males and females","Continuous","NA","SD","public","HG19/GRCh37","Borges CM",2020,"European","Total lipids in medium LDL",NA,NA,"M_LDL_L_int.imputed.txt.gz",12321875,"tab",TRUE,1,0,1,2,4,5,6,10,11,15
"140","met-d-M_LDL_PL",115078,"Males and females","Continuous","NA","SD","public","HG19/GRCh37","Borges CM",2020,"European","Phospholipids in medium LDL",NA,NA,"M_LDL_PL_int.imputed.txt.gz",12321875,"tab",TRUE,1,0,1,2,4,5,6,10,11,15
"141","met-d-M_LDL_C",115078,"Males and females","Continuous","NA","SD","public","HG19/GRCh37","Borges CM",2020,"European","Cholesterol in medium LDL",NA,NA,"M_LDL_C_int.imputed.txt.gz",12321875,"tab",TRUE,1,0,1,2,4,5,6,10,11,15
"142","met-d-M_LDL_CE",115078,"Males and females","Continuous","NA","SD","public","HG19/GRCh37","Borges CM",2020,"European","Cholesteryl esters in medium LDL",NA,NA,"M_LDL_CE_int.imputed.txt.gz",12321875,"tab",TRUE,1,0,1,2,4,5,6,10,11,15
"143","met-d-M_LDL_FC",115078,"Males and females","Continuous","NA","SD","public","HG19/GRCh37","Borges CM",2020,"European","Free cholesterol in medium LDL",NA,NA,"M_LDL_FC_int.imputed.txt.gz",12321875,"tab",TRUE,1,0,1,2,4,5,6,10,11,15
"144","met-d-M_LDL_TG",115078,"Males and females","Continuous","NA","SD","public","HG19/GRCh37","Borges CM",2020,"European","Triglycerides in medium LDL",NA,NA,"M_LDL_TG_int.imputed.txt.gz",12321875,"tab",TRUE,1,0,1,2,4,5,6,10,11,15
"145","met-d-S_LDL_P",115078,"Males and females","Continuous","NA","SD","public","HG19/GRCh37","Borges CM",2020,"European","Concentration of small LDL particles",NA,NA,"S_LDL_P_int.imputed.txt.gz",12321875,"tab",TRUE,1,0,1,2,4,5,6,10,11,15
"146","met-d-S_LDL_L",115078,"Males and females","Continuous","NA","SD","public","HG19/GRCh37","Borges CM",2020,"European","Total lipids in small LDL",NA,NA,"S_LDL_L_int.imputed.txt.gz",12321875,"tab",TRUE,1,0,1,2,4,5,6,10,11,15
"147","met-d-S_LDL_PL",115078,"Males and females","Continuous","NA","SD","public","HG19/GRCh37","Borges CM",2020,"European","Phospholipids in small LDL",NA,NA,"S_LDL_PL_int.imputed.txt.gz",12321875,"tab",TRUE,1,0,1,2,4,5,6,10,11,15
"148","met-d-S_LDL_C",115078,"Males and females","Continuous","NA","SD","public","HG19/GRCh37","Borges CM",2020,"European","Cholesterol in small LDL",NA,NA,"S_LDL_C_int.imputed.txt.gz",12321875,"tab",TRUE,1,0,1,2,4,5,6,10,11,15
"149","met-d-S_LDL_CE",115078,"Males and females","Continuous","NA","SD","public","HG19/GRCh37","Borges CM",2020,"European","Cholesteryl esters in small LDL",NA,NA,"S_LDL_CE_int.imputed.txt.gz",12321875,"tab",TRUE,1,0,1,2,4,5,6,10,11,15
"150","met-d-S_LDL_FC",115078,"Males and females","Continuous","NA","SD","public","HG19/GRCh37","Borges CM",2020,"European","Free cholesterol in small LDL",NA,NA,"S_LDL_FC_int.imputed.txt.gz",12321875,"tab",TRUE,1,0,1,2,4,5,6,10,11,15
"151","met-d-S_LDL_TG",115078,"Males and females","Continuous","NA","SD","public","HG19/GRCh37","Borges CM",2020,"European","Triglycerides in small LDL",NA,NA,"S_LDL_TG_int.imputed.txt.gz",12321875,"tab",TRUE,1,0,1,2,4,5,6,10,11,15
"152","met-d-XL_HDL_P",115078,"Males and females","Continuous","NA","SD","public","HG19/GRCh37","Borges CM",2020,"European","Concentration of very large HDL particles",NA,NA,"XL_HDL_P_int.imputed.txt.gz",12321875,"tab",TRUE,1,0,1,2,4,5,6,10,11,15
"153","met-d-XL_HDL_L",115078,"Males and females","Continuous","NA","SD","public","HG19/GRCh37","Borges CM",2020,"European","Total lipids in very large HDL",NA,NA,"XL_HDL_L_int.imputed.txt.gz",12321875,"tab",TRUE,1,0,1,2,4,5,6,10,11,15
"154","met-d-XL_HDL_PL",115078,"Males and females","Continuous","NA","SD","public","HG19/GRCh37","Borges CM",2020,"European","Phospholipids in very large HDL",NA,NA,"XL_HDL_PL_int.imputed.txt.gz",12321875,"tab",TRUE,1,0,1,2,4,5,6,10,11,15
"155","met-d-XL_HDL_C",115078,"Males and females","Continuous","NA","SD","public","HG19/GRCh37","Borges CM",2020,"European","Cholesterol in very large HDL",NA,NA,"XL_HDL_C_int.imputed.txt.gz",12321875,"tab",TRUE,1,0,1,2,4,5,6,10,11,15
"156","met-d-XL_HDL_CE",115078,"Males and females","Continuous","NA","SD","public","HG19/GRCh37","Borges CM",2020,"European","Cholesteryl esters in very large HDL",NA,NA,"XL_HDL_CE_int.imputed.txt.gz",12321875,"tab",TRUE,1,0,1,2,4,5,6,10,11,15
"157","met-d-XL_HDL_FC",115078,"Males and females","Continuous","NA","SD","public","HG19/GRCh37","Borges CM",2020,"European","Free cholesterol in very large HDL",NA,NA,"XL_HDL_FC_int.imputed.txt.gz",12321875,"tab",TRUE,1,0,1,2,4,5,6,10,11,15
"158","met-d-XL_HDL_TG",115078,"Males and females","Continuous","NA","SD","public","HG19/GRCh37","Borges CM",2020,"European","Triglycerides in very large HDL",NA,NA,"XL_HDL_TG_int.imputed.txt.gz",12321875,"tab",TRUE,1,0,1,2,4,5,6,10,11,15
"159","met-d-L_HDL_P",115078,"Males and females","Continuous","NA","SD","public","HG19/GRCh37","Borges CM",2020,"European","Concentration of large HDL particles",NA,NA,"L_HDL_P_int.imputed.txt.gz",12321875,"tab",TRUE,1,0,1,2,4,5,6,10,11,15
"160","met-d-L_HDL_L",115078,"Males and females","Continuous","NA","SD","public","HG19/GRCh37","Borges CM",2020,"European","Total lipids in large HDL",NA,NA,"L_HDL_L_int.imputed.txt.gz",12321875,"tab",TRUE,1,0,1,2,4,5,6,10,11,15
"161","met-d-L_HDL_PL",115078,"Males and females","Continuous","NA","SD","public","HG19/GRCh37","Borges CM",2020,"European","Phospholipids in large HDL",NA,NA,"L_HDL_PL_int.imputed.txt.gz",12321875,"tab",TRUE,1,0,1,2,4,5,6,10,11,15
"162","met-d-L_HDL_C",115078,"Males and females","Continuous","NA","SD","public","HG19/GRCh37","Borges CM",2020,"European","Cholesterol in large HDL",NA,NA,"L_HDL_C_int.imputed.txt.gz",12321875,"tab",TRUE,1,0,1,2,4,5,6,10,11,15
"163","met-d-L_HDL_CE",115078,"Males and females","Continuous","NA","SD","public","HG19/GRCh37","Borges CM",2020,"European","Cholesteryl esters in large HDL",NA,NA,"L_HDL_CE_int.imputed.txt.gz",12321875,"tab",TRUE,1,0,1,2,4,5,6,10,11,15
"164","met-d-L_HDL_FC",115078,"Males and females","Continuous","NA","SD","public","HG19/GRCh37","Borges CM",2020,"European","Free cholesterol in large HDL",NA,NA,"L_HDL_FC_int.imputed.txt.gz",12321875,"tab",TRUE,1,0,1,2,4,5,6,10,11,15
"165","met-d-L_HDL_TG",115078,"Males and females","Continuous","NA","SD","public","HG19/GRCh37","Borges CM",2020,"European","Triglycerides in large HDL",NA,NA,"L_HDL_TG_int.imputed.txt.gz",12321875,"tab",TRUE,1,0,1,2,4,5,6,10,11,15
"166","met-d-M_HDL_P",115078,"Males and females","Continuous","NA","SD","public","HG19/GRCh37","Borges CM",2020,"European","Concentration of medium HDL particles",NA,NA,"M_HDL_P_int.imputed.txt.gz",12321875,"tab",TRUE,1,0,1,2,4,5,6,10,11,15
"167","met-d-M_HDL_L",115078,"Males and females","Continuous","NA","SD","public","HG19/GRCh37","Borges CM",2020,"European","Total lipids in medium HDL",NA,NA,"M_HDL_L_int.imputed.txt.gz",12321875,"tab",TRUE,1,0,1,2,4,5,6,10,11,15
"168","met-d-M_HDL_PL",115078,"Males and females","Continuous","NA","SD","public","HG19/GRCh37","Borges CM",2020,"European","Phospholipids in medium HDL",NA,NA,"M_HDL_PL_int.imputed.txt.gz",12321875,"tab",TRUE,1,0,1,2,4,5,6,10,11,15
"169","met-d-M_HDL_C",115078,"Males and females","Continuous","NA","SD","public","HG19/GRCh37","Borges CM",2020,"European","Cholesterol in medium HDL",NA,NA,"M_HDL_C_int.imputed.txt.gz",12321875,"tab",TRUE,1,0,1,2,4,5,6,10,11,15
"170","met-d-M_HDL_CE",115078,"Males and females","Continuous","NA","SD","public","HG19/GRCh37","Borges CM",2020,"European","Cholesteryl esters in medium HDL",NA,NA,"M_HDL_CE_int.imputed.txt.gz",12321875,"tab",TRUE,1,0,1,2,4,5,6,10,11,15
"171","met-d-M_HDL_FC",115078,"Males and females","Continuous","NA","SD","public","HG19/GRCh37","Borges CM",2020,"European","Free cholesterol in medium HDL",NA,NA,"M_HDL_FC_int.imputed.txt.gz",12321875,"tab",TRUE,1,0,1,2,4,5,6,10,11,15
"172","met-d-M_HDL_TG",115078,"Males and females","Continuous","NA","SD","public","HG19/GRCh37","Borges CM",2020,"European","Triglycerides in medium HDL",NA,NA,"M_HDL_TG_int.imputed.txt.gz",12321875,"tab",TRUE,1,0,1,2,4,5,6,10,11,15
"173","met-d-S_HDL_P",115078,"Males and females","Continuous","NA","SD","public","HG19/GRCh37","Borges CM",2020,"European","Concentration of small HDL particles",NA,NA,"S_HDL_P_int.imputed.txt.gz",12321875,"tab",TRUE,1,0,1,2,4,5,6,10,11,15
"174","met-d-S_HDL_L",115078,"Males and females","Continuous","NA","SD","public","HG19/GRCh37","Borges CM",2020,"European","Total lipids in small HDL",NA,NA,"S_HDL_L_int.imputed.txt.gz",12321875,"tab",TRUE,1,0,1,2,4,5,6,10,11,15
"175","met-d-S_HDL_PL",115078,"Males and females","Continuous","NA","SD","public","HG19/GRCh37","Borges CM",2020,"European","Phospholipids in small HDL",NA,NA,"S_HDL_PL_int.imputed.txt.gz",12321875,"tab",TRUE,1,0,1,2,4,5,6,10,11,15
"176","met-d-S_HDL_C",115078,"Males and females","Continuous","NA","SD","public","HG19/GRCh37","Borges CM",2020,"European","Cholesterol in small HDL",NA,NA,"S_HDL_C_int.imputed.txt.gz",12321875,"tab",TRUE,1,0,1,2,4,5,6,10,11,15
"177","met-d-S_HDL_CE",115078,"Males and females","Continuous","NA","SD","public","HG19/GRCh37","Borges CM",2020,"European","Cholesteryl esters in small HDL",NA,NA,"S_HDL_CE_int.imputed.txt.gz",12321875,"tab",TRUE,1,0,1,2,4,5,6,10,11,15
"178","met-d-S_HDL_FC",115078,"Males and females","Continuous","NA","SD","public","HG19/GRCh37","Borges CM",2020,"European","Free cholesterol in small HDL",NA,NA,"S_HDL_FC_int.imputed.txt.gz",12321875,"tab",TRUE,1,0,1,2,4,5,6,10,11,15
"179","met-d-S_HDL_TG",115078,"Males and females","Continuous","NA","SD","public","HG19/GRCh37","Borges CM",2020,"European","Triglycerides in small HDL",NA,NA,"S_HDL_TG_int.imputed.txt.gz",12321875,"tab",TRUE,1,0,1,2,4,5,6,10,11,15
"180","met-d-XXL_VLDL_PL_pct",111631,"Males and females","Continuous","NA","SD","public","HG19/GRCh37","Borges CM",2020,"European","Phospholipids to total lipids ratio in chylomicrons and extremely large VLDL",NA,NA,"XXL_VLDL_PL_pct_int.imputed.txt.gz",12321875,"tab",TRUE,1,0,1,2,4,5,6,10,11,15
"181","met-d-XXL_VLDL_C_pct",111631,"Males and females","Continuous","NA","SD","public","HG19/GRCh37","Borges CM",2020,"European","Cholesterol to total lipids ratio in chylomicrons and extremely large VLDL",NA,NA,"XXL_VLDL_C_pct_int.imputed.txt.gz",12321875,"tab",TRUE,1,0,1,2,4,5,6,10,11,15
"182","met-d-XXL_VLDL_CE_pct",111631,"Males and females","Continuous","NA","SD","public","HG19/GRCh37","Borges CM",2020,"European","Cholesteryl esters to total lipids ratio in chylomicrons and extremely large VLDL",NA,NA,"XXL_VLDL_CE_pct_int.imputed.txt.gz",12321875,"tab",TRUE,1,0,1,2,4,5,6,10,11,15
"183","met-d-XXL_VLDL_FC_pct",111631,"Males and females","Continuous","NA","SD","public","HG19/GRCh37","Borges CM",2020,"European","Free cholesterol to total lipids ratio in chylomicrons and extremely large VLDL",NA,NA,"XXL_VLDL_FC_pct_int.imputed.txt.gz",12321875,"tab",TRUE,1,0,1,2,4,5,6,10,11,15
"184","met-d-XXL_VLDL_TG_pct",111631,"Males and females","Continuous","NA","SD","public","HG19/GRCh37","Borges CM",2020,"European","Triglycerides to total lipids ratio in chylomicrons and extremely large VLDL",NA,NA,"XXL_VLDL_TG_pct_int.imputed.txt.gz",12321875,"tab",TRUE,1,0,1,2,4,5,6,10,11,15
"185","met-d-XL_VLDL_PL_pct",114155,"Males and females","Continuous","NA","SD","public","HG19/GRCh37","Borges CM",2020,"European","Phospholipids to total lipids ratio in very large VLDL",NA,NA,"XL_VLDL_PL_pct_int.imputed.txt.gz",12321875,"tab",TRUE,1,0,1,2,4,5,6,10,11,15
"186","met-d-XL_VLDL_C_pct",114155,"Males and females","Continuous","NA","SD","public","HG19/GRCh37","Borges CM",2020,"European","Cholesterol to total lipids ratio in very large VLDL",NA,NA,"XL_VLDL_C_pct_int.imputed.txt.gz",12321875,"tab",TRUE,1,0,1,2,4,5,6,10,11,15
"187","met-d-XL_VLDL_CE_pct",114155,"Males and females","Continuous","NA","SD","public","HG19/GRCh37","Borges CM",2020,"European","Cholesteryl esters to total lipids ratio in very large VLDL",NA,NA,"XL_VLDL_CE_pct_int.imputed.txt.gz",12321875,"tab",TRUE,1,0,1,2,4,5,6,10,11,15
"188","met-d-XL_VLDL_FC_pct",114155,"Males and females","Continuous","NA","SD","public","HG19/GRCh37","Borges CM",2020,"European","Free cholesterol to total lipids ratio in very large VLDL",NA,NA,"XL_VLDL_FC_pct_int.imputed.txt.gz",12321875,"tab",TRUE,1,0,1,2,4,5,6,10,11,15
"189","met-d-XL_VLDL_TG_pct",114155,"Males and females","Continuous","NA","SD","public","HG19/GRCh37","Borges CM",2020,"European","Triglycerides to total lipids ratio in very large VLDL",NA,NA,"XL_VLDL_TG_pct_int.imputed.txt.gz",12321875,"tab",TRUE,1,0,1,2,4,5,6,10,11,15
"190","met-d-L_VLDL_PL_pct",115067,"Males and females","Continuous","NA","SD","public","HG19/GRCh37","Borges CM",2020,"European","Phospholipids to total lipids ratio in large VLDL",NA,NA,"L_VLDL_PL_pct_int.imputed.txt.gz",12321875,"tab",TRUE,1,0,1,2,4,5,6,10,11,15
"191","met-d-L_VLDL_C_pct",115067,"Males and females","Continuous","NA","SD","public","HG19/GRCh37","Borges CM",2020,"European","Cholesterol to total lipids ratio in large VLDL",NA,NA,"L_VLDL_C_pct_int.imputed.txt.gz",12321875,"tab",TRUE,1,0,1,2,4,5,6,10,11,15
"192","met-d-L_VLDL_CE_pct",115067,"Males and females","Continuous","NA","SD","public","HG19/GRCh37","Borges CM",2020,"European","Cholesteryl esters to total lipids ratio in large VLDL",NA,NA,"L_VLDL_CE_pct_int.imputed.txt.gz",12321875,"tab",TRUE,1,0,1,2,4,5,6,10,11,15
"193","met-d-L_VLDL_FC_pct",115067,"Males and females","Continuous","NA","SD","public","HG19/GRCh37","Borges CM",2020,"European","Free cholesterol to total lipids ratio in large VLDL",NA,NA,"L_VLDL_FC_pct_int.imputed.txt.gz",12321875,"tab",TRUE,1,0,1,2,4,5,6,10,11,15
"194","met-d-L_VLDL_TG_pct",115067,"Males and females","Continuous","NA","SD","public","HG19/GRCh37","Borges CM",2020,"European","Triglycerides to total lipids ratio in large VLDL",NA,NA,"L_VLDL_TG_pct_int.imputed.txt.gz",12321875,"tab",TRUE,1,0,1,2,4,5,6,10,11,15
"195","met-d-M_VLDL_PL_pct",115078,"Males and females","Continuous","NA","SD","public","HG19/GRCh37","Borges CM",2020,"European","Phospholipids to total lipids ratio in medium VLDL",NA,NA,"M_VLDL_PL_pct_int.imputed.txt.gz",12321875,"tab",TRUE,1,0,1,2,4,5,6,10,11,15
"196","met-d-M_VLDL_C_pct",115078,"Males and females","Continuous","NA","SD","public","HG19/GRCh37","Borges CM",2020,"European","Cholesterol to total lipids ratio in medium VLDL",NA,NA,"M_VLDL_C_pct_int.imputed.txt.gz",12321875,"tab",TRUE,1,0,1,2,4,5,6,10,11,15
"197","met-d-M_VLDL_CE_pct",115078,"Males and females","Continuous","NA","SD","public","HG19/GRCh37","Borges CM",2020,"European","Cholesteryl esters to total lipids ratio in medium VLDL",NA,NA,"M_VLDL_CE_pct_int.imputed.txt.gz",12321875,"tab",TRUE,1,0,1,2,4,5,6,10,11,15
"198","met-d-M_VLDL_FC_pct",115078,"Males and females","Continuous","NA","SD","public","HG19/GRCh37","Borges CM",2020,"European","Free cholesterol to total lipids ratio in medium VLDL",NA,NA,"M_VLDL_FC_pct_int.imputed.txt.gz",12321875,"tab",TRUE,1,0,1,2,4,5,6,10,11,15
"199","met-d-M_VLDL_TG_pct",115078,"Males and females","Continuous","NA","SD","public","HG19/GRCh37","Borges CM",2020,"European","Triglycerides to total lipids ratio in medium VLDL",NA,NA,"M_VLDL_TG_pct_int.imputed.txt.gz",12321875,"tab",TRUE,1,0,1,2,4,5,6,10,11,15
"200","met-d-S_VLDL_PL_pct",115078,"Males and females","Continuous","NA","SD","public","HG19/GRCh37","Borges CM",2020,"European","Phospholipids to total lipids ratio in small VLDL",NA,NA,"S_VLDL_PL_pct_int.imputed.txt.gz",12321875,"tab",TRUE,1,0,1,2,4,5,6,10,11,15
"201","met-d-S_VLDL_C_pct",115078,"Males and females","Continuous","NA","SD","public","HG19/GRCh37","Borges CM",2020,"European","Cholesterol to total lipids ratio in small VLDL",NA,NA,"S_VLDL_C_pct_int.imputed.txt.gz",12321875,"tab",TRUE,1,0,1,2,4,5,6,10,11,15
"202","met-d-S_VLDL_CE_pct",115078,"Males and females","Continuous","NA","SD","public","HG19/GRCh37","Borges CM",2020,"European","Cholesteryl esters to total lipids ratio in small VLDL",NA,NA,"S_VLDL_CE_pct_int.imputed.txt.gz",12321875,"tab",TRUE,1,0,1,2,4,5,6,10,11,15
"203","met-d-S_VLDL_FC_pct",115078,"Males and females","Continuous","NA","SD","public","HG19/GRCh37","Borges CM",2020,"European","Free cholesterol to total lipids ratio in small VLDL",NA,NA,"S_VLDL_FC_pct_int.imputed.txt.gz",12321875,"tab",TRUE,1,0,1,2,4,5,6,10,11,15
"204","met-d-S_VLDL_TG_pct",115078,"Males and females","Continuous","NA","SD","public","HG19/GRCh37","Borges CM",2020,"European","Triglycerides to total lipids ratio in small VLDL",NA,NA,"S_VLDL_TG_pct_int.imputed.txt.gz",12321875,"tab",TRUE,1,0,1,2,4,5,6,10,11,15
"205","met-d-XS_VLDL_PL_pct",115078,"Males and females","Continuous","NA","SD","public","HG19/GRCh37","Borges CM",2020,"European","Phospholipids to total lipids ratio in very small VLDL",NA,NA,"XS_VLDL_PL_pct_int.imputed.txt.gz",12321875,"tab",TRUE,1,0,1,2,4,5,6,10,11,15
"206","met-d-XS_VLDL_C_pct",115078,"Males and females","Continuous","NA","SD","public","HG19/GRCh37","Borges CM",2020,"European","Cholesterol to total lipids ratio in very small VLDL",NA,NA,"XS_VLDL_C_pct_int.imputed.txt.gz",12321875,"tab",TRUE,1,0,1,2,4,5,6,10,11,15
"207","met-d-XS_VLDL_CE_pct",115078,"Males and females","Continuous","NA","SD","public","HG19/GRCh37","Borges CM",2020,"European","Cholesteryl esters to total lipids ratio in very small VLDL",NA,NA,"XS_VLDL_CE_pct_int.imputed.txt.gz",12321875,"tab",TRUE,1,0,1,2,4,5,6,10,11,15
"208","met-d-XS_VLDL_FC_pct",115078,"Males and females","Continuous","NA","SD","public","HG19/GRCh37","Borges CM",2020,"European","Free cholesterol to total lipids ratio in very small VLDL",NA,NA,"XS_VLDL_FC_pct_int.imputed.txt.gz",12321875,"tab",TRUE,1,0,1,2,4,5,6,10,11,15
"209","met-d-XS_VLDL_TG_pct",115078,"Males and females","Continuous","NA","SD","public","HG19/GRCh37","Borges CM",2020,"European","Triglycerides to total lipids ratio in very small VLDL",NA,NA,"XS_VLDL_TG_pct_int.imputed.txt.gz",12321875,"tab",TRUE,1,0,1,2,4,5,6,10,11,15
"210","met-d-IDL_PL_pct",115078,"Males and females","Continuous","NA","SD","public","HG19/GRCh37","Borges CM",2020,"European","Phospholipids to total lipids ratio in IDL",NA,NA,"IDL_PL_pct_int.imputed.txt.gz",12321875,"tab",TRUE,1,0,1,2,4,5,6,10,11,15
"211","met-d-IDL_C_pct",115078,"Males and females","Continuous","NA","SD","public","HG19/GRCh37","Borges CM",2020,"European","Cholesterol to total lipids ratio in IDL",NA,NA,"IDL_C_pct_int.imputed.txt.gz",12321875,"tab",TRUE,1,0,1,2,4,5,6,10,11,15
"212","met-d-IDL_CE_pct",115078,"Males and females","Continuous","NA","SD","public","HG19/GRCh37","Borges CM",2020,"European","Cholesteryl esters to total lipids ratio in IDL",NA,NA,"IDL_CE_pct_int.imputed.txt.gz",12321875,"tab",TRUE,1,0,1,2,4,5,6,10,11,15
"213","met-d-IDL_FC_pct",115078,"Males and females","Continuous","NA","SD","public","HG19/GRCh37","Borges CM",2020,"European","Free cholesterol to total lipids ratio in IDL",NA,NA,"IDL_FC_pct_int.imputed.txt.gz",12321875,"tab",TRUE,1,0,1,2,4,5,6,10,11,15
"214","met-d-IDL_TG_pct",115078,"Males and females","Continuous","NA","SD","public","HG19/GRCh37","Borges CM",2020,"European","Triglycerides to total lipids ratio in IDL",NA,NA,"IDL_TG_pct_int.imputed.txt.gz",12321875,"tab",TRUE,1,0,1,2,4,5,6,10,11,15
"215","met-d-L_LDL_PL_pct",115078,"Males and females","Continuous","NA","SD","public","HG19/GRCh37","Borges CM",2020,"European","Phospholipids to total lipids ratio in large LDL",NA,NA,"L_LDL_PL_pct_int.imputed.txt.gz",12321875,"tab",TRUE,1,0,1,2,4,5,6,10,11,15
"216","met-d-L_LDL_C_pct",115078,"Males and females","Continuous","NA","SD","public","HG19/GRCh37","Borges CM",2020,"European","Cholesterol to total lipids ratio in large LDL",NA,NA,"L_LDL_C_pct_int.imputed.txt.gz",12321875,"tab",TRUE,1,0,1,2,4,5,6,10,11,15
"217","met-d-L_LDL_CE_pct",115078,"Males and females","Continuous","NA","SD","public","HG19/GRCh37","Borges CM",2020,"European","Cholesteryl esters to total lipids ratio in large LDL",NA,NA,"L_LDL_CE_pct_int.imputed.txt.gz",12321875,"tab",TRUE,1,0,1,2,4,5,6,10,11,15
"218","met-d-L_LDL_FC_pct",115078,"Males and females","Continuous","NA","SD","public","HG19/GRCh37","Borges CM",2020,"European","Free cholesterol to total lipids ratio in large LDL",NA,NA,"L_LDL_FC_pct_int.imputed.txt.gz",12321875,"tab",TRUE,1,0,1,2,4,5,6,10,11,15
"219","met-d-L_LDL_TG_pct",115078,"Males and females","Continuous","NA","SD","public","HG19/GRCh37","Borges CM",2020,"European","Triglycerides to total lipids ratio in large LDL",NA,NA,"L_LDL_TG_pct_int.imputed.txt.gz",12321875,"tab",TRUE,1,0,1,2,4,5,6,10,11,15
"220","met-d-M_LDL_PL_pct",115078,"Males and females","Continuous","NA","SD","public","HG19/GRCh37","Borges CM",2020,"European","Phospholipids to total lipids ratio in medium LDL",NA,NA,"M_LDL_PL_pct_int.imputed.txt.gz",12321875,"tab",TRUE,1,0,1,2,4,5,6,10,11,15
"221","met-d-M_LDL_C_pct",115078,"Males and females","Continuous","NA","SD","public","HG19/GRCh37","Borges CM",2020,"European","Cholesterol to total lipids ratio in medium LDL",NA,NA,"M_LDL_C_pct_int.imputed.txt.gz",12321875,"tab",TRUE,1,0,1,2,4,5,6,10,11,15
"222","met-d-M_LDL_CE_pct",115078,"Males and females","Continuous","NA","SD","public","HG19/GRCh37","Borges CM",2020,"European","Cholesteryl esters to total lipids ratio in medium LDL",NA,NA,"M_LDL_CE_pct_int.imputed.txt.gz",12321875,"tab",TRUE,1,0,1,2,4,5,6,10,11,15
"223","met-d-M_LDL_FC_pct",115078,"Males and females","Continuous","NA","SD","public","HG19/GRCh37","Borges CM",2020,"European","Free cholesterol to total lipids ratio in medium LDL",NA,NA,"M_LDL_FC_pct_int.imputed.txt.gz",12321875,"tab",TRUE,1,0,1,2,4,5,6,10,11,15
"224","met-d-M_LDL_TG_pct",115078,"Males and females","Continuous","NA","SD","public","HG19/GRCh37","Borges CM",2020,"European","Triglycerides to total lipids ratio in medium LDL",NA,NA,"M_LDL_TG_pct_int.imputed.txt.gz",12321875,"tab",TRUE,1,0,1,2,4,5,6,10,11,15
"225","met-d-S_LDL_PL_pct",115078,"Males and females","Continuous","NA","SD","public","HG19/GRCh37","Borges CM",2020,"European","Phospholipids to total lipids ratio in small LDL",NA,NA,"S_LDL_PL_pct_int.imputed.txt.gz",12321875,"tab",TRUE,1,0,1,2,4,5,6,10,11,15
"226","met-d-S_LDL_C_pct",115078,"Males and females","Continuous","NA","SD","public","HG19/GRCh37","Borges CM",2020,"European","Cholesterol to total lipids ratio in small LDL",NA,NA,"S_LDL_C_pct_int.imputed.txt.gz",12321875,"tab",TRUE,1,0,1,2,4,5,6,10,11,15
"227","met-d-S_LDL_CE_pct",115078,"Males and females","Continuous","NA","SD","public","HG19/GRCh37","Borges CM",2020,"European","Cholesteryl esters to total lipids ratio in small LDL",NA,NA,"S_LDL_CE_pct_int.imputed.txt.gz",12321875,"tab",TRUE,1,0,1,2,4,5,6,10,11,15
"228","met-d-S_LDL_FC_pct",115078,"Males and females","Continuous","NA","SD","public","HG19/GRCh37","Borges CM",2020,"European","Free cholesterol to total lipids ratio in small LDL",NA,NA,"S_LDL_FC_pct_int.imputed.txt.gz",12321875,"tab",TRUE,1,0,1,2,4,5,6,10,11,15
"229","met-d-S_LDL_TG_pct",115078,"Males and females","Continuous","NA","SD","public","HG19/GRCh37","Borges CM",2020,"European","Triglycerides to total lipids ratio in small LDL",NA,NA,"S_LDL_TG_pct_int.imputed.txt.gz",12321875,"tab",TRUE,1,0,1,2,4,5,6,10,11,15
"230","met-d-XL_HDL_PL_pct",115053,"Males and females","Continuous","NA","SD","public","HG19/GRCh37","Borges CM",2020,"European","Phospholipids to total lipids ratio in very large HDL",NA,NA,"XL_HDL_PL_pct_int.imputed.txt.gz",12321875,"tab",TRUE,1,0,1,2,4,5,6,10,11,15
"231","met-d-XL_HDL_C_pct",115053,"Males and females","Continuous","NA","SD","public","HG19/GRCh37","Borges CM",2020,"European","Cholesterol to total lipids ratio in very large HDL",NA,NA,"XL_HDL_C_pct_int.imputed.txt.gz",12321875,"tab",TRUE,1,0,1,2,4,5,6,10,11,15
"232","met-d-XL_HDL_CE_pct",115053,"Males and females","Continuous","NA","SD","public","HG19/GRCh37","Borges CM",2020,"European","Cholesteryl esters to total lipids ratio in very large HDL",NA,NA,"XL_HDL_CE_pct_int.imputed.txt.gz",12321875,"tab",TRUE,1,0,1,2,4,5,6,10,11,15
"233","met-d-XL_HDL_FC_pct",115053,"Males and females","Continuous","NA","SD","public","HG19/GRCh37","Borges CM",2020,"European","Free cholesterol to total lipids ratio in very large HDL",NA,NA,"XL_HDL_FC_pct_int.imputed.txt.gz",12321875,"tab",TRUE,1,0,1,2,4,5,6,10,11,15
"234","met-d-XL_HDL_TG_pct",115053,"Males and females","Continuous","NA","SD","public","HG19/GRCh37","Borges CM",2020,"European","Triglycerides to total lipids ratio in very large HDL",NA,NA,"XL_HDL_TG_pct_int.imputed.txt.gz",12321875,"tab",TRUE,1,0,1,2,4,5,6,10,11,15
"235","met-d-L_HDL_PL_pct",115078,"Males and females","Continuous","NA","SD","public","HG19/GRCh37","Borges CM",2020,"European","Phospholipids to total lipids ratio in large HDL",NA,NA,"L_HDL_PL_pct_int.imputed.txt.gz",12321875,"tab",TRUE,1,0,1,2,4,5,6,10,11,15
"236","met-d-L_HDL_C_pct",115078,"Males and females","Continuous","NA","SD","public","HG19/GRCh37","Borges CM",2020,"European","Cholesterol to total lipids ratio in large HDL",NA,NA,"L_HDL_C_pct_int.imputed.txt.gz",12321875,"tab",TRUE,1,0,1,2,4,5,6,10,11,15
"237","met-d-L_HDL_CE_pct",115078,"Males and females","Continuous","NA","SD","public","HG19/GRCh37","Borges CM",2020,"European","Cholesteryl esters to total lipids ratio in large HDL",NA,NA,"L_HDL_CE_pct_int.imputed.txt.gz",12321875,"tab",TRUE,1,0,1,2,4,5,6,10,11,15
"238","met-d-L_HDL_FC_pct",115078,"Males and females","Continuous","NA","SD","public","HG19/GRCh37","Borges CM",2020,"European","Free cholesterol to total lipids ratio in large HDL",NA,NA,"L_HDL_FC_pct_int.imputed.txt.gz",12321875,"tab",TRUE,1,0,1,2,4,5,6,10,11,15
"239","met-d-L_HDL_TG_pct",115078,"Males and females","Continuous","NA","SD","public","HG19/GRCh37","Borges CM",2020,"European","Triglycerides to total lipids ratio in large HDL",NA,NA,"L_HDL_TG_pct_int.imputed.txt.gz",12321875,"tab",TRUE,1,0,1,2,4,5,6,10,11,15
"240","met-d-M_HDL_PL_pct",115078,"Males and females","Continuous","NA","SD","public","HG19/GRCh37","Borges CM",2020,"European","Phospholipids to total lipids ratio in medium HDL",NA,NA,"M_HDL_PL_pct_int.imputed.txt.gz",12321875,"tab",TRUE,1,0,1,2,4,5,6,10,11,15
"241","met-d-M_HDL_C_pct",115078,"Males and females","Continuous","NA","SD","public","HG19/GRCh37","Borges CM",2020,"European","Cholesterol to total lipids ratio in medium HDL",NA,NA,"M_HDL_C_pct_int.imputed.txt.gz",12321875,"tab",TRUE,1,0,1,2,4,5,6,10,11,15
"242","met-d-M_HDL_CE_pct",115078,"Males and females","Continuous","NA","SD","public","HG19/GRCh37","Borges CM",2020,"European","Cholesteryl esters to total lipids ratio in medium HDL",NA,NA,"M_HDL_CE_pct_int.imputed.txt.gz",12321875,"tab",TRUE,1,0,1,2,4,5,6,10,11,15
"243","met-d-M_HDL_FC_pct",115078,"Males and females","Continuous","NA","SD","public","HG19/GRCh37","Borges CM",2020,"European","Free cholesterol to total lipids ratio in medium HDL",NA,NA,"M_HDL_FC_pct_int.imputed.txt.gz",12321875,"tab",TRUE,1,0,1,2,4,5,6,10,11,15
"244","met-d-M_HDL_TG_pct",115078,"Males and females","Continuous","NA","SD","public","HG19/GRCh37","Borges CM",2020,"European","Triglycerides to total lipids ratio in medium HDL",NA,NA,"M_HDL_TG_pct_int.imputed.txt.gz",12321875,"tab",TRUE,1,0,1,2,4,5,6,10,11,15
"245","met-d-S_HDL_PL_pct",115078,"Males and females","Continuous","NA","SD","public","HG19/GRCh37","Borges CM",2020,"European","Phospholipids to total lipids ratio in small HDL",NA,NA,"S_HDL_PL_pct_int.imputed.txt.gz",12321875,"tab",TRUE,1,0,1,2,4,5,6,10,11,15
"246","met-d-S_HDL_C_pct",115078,"Males and females","Continuous","NA","SD","public","HG19/GRCh37","Borges CM",2020,"European","Cholesterol to total lipids ratio in small HDL",NA,NA,"S_HDL_C_pct_int.imputed.txt.gz",12321875,"tab",TRUE,1,0,1,2,4,5,6,10,11,15
"247","met-d-S_HDL_CE_pct",115078,"Males and females","Continuous","NA","SD","public","HG19/GRCh37","Borges CM",2020,"European","Cholesteryl esters to total lipids ratio in small HDL",NA,NA,"S_HDL_CE_pct_int.imputed.txt.gz",12321875,"tab",TRUE,1,0,1,2,4,5,6,10,11,15
"248","met-d-S_HDL_FC_pct",115078,"Males and females","Continuous","NA","SD","public","HG19/GRCh37","Borges CM",2020,"European","Free cholesterol to total lipids ratio in small HDL",NA,NA,"S_HDL_FC_pct_int.imputed.txt.gz",12321875,"tab",TRUE,1,0,1,2,4,5,6,10,11,15
"249","met-d-S_HDL_TG_pct",115078,"Males and females","Continuous","NA","SD","public","HG19/GRCh37","Borges CM",2020,"European","Triglycerides to total lipids ratio in small HDL",NA,NA,"S_HDL_TG_pct_int.imputed.txt.gz",12321875,"tab",TRUE,1,0,1,2,4,5,6,10,11,15
